column,type,numerator,denominator,weight,hide,notes
S0801_C01_052E,,,,,yes,Percent allocated (data-quality metadata)
S0801_C01_053E,,,,,yes,Percent allocated (data-quality metadata)
S0801_C01_054E,,,,,yes,Percent allocated (data-quality metadata)
S0801_C01_055E,,,,,yes,Percent allocated (data-quality metadata)
S0801_C01_056E,,,,,yes,Percent allocated (data-quality metadata)
S0801_C01_057E,,,,,yes,Percent allocated (data-quality metadata)
S0801_C02_052E,,,,,yes,Percent allocated (data-quality metadata)
S0801_C02_053E,,,,,yes,Percent allocated (data-quality metadata)
S0801_C02_054E,,,,,yes,Percent allocated (data-quality metadata)
S0801_C02_055E,,,,,yes,Percent allocated (data-quality metadata)
S0801_C02_056E,,,,,yes,Percent allocated (data-quality metadata)
S0801_C02_057E,,,,,yes,Percent allocated (data-quality metadata)
S0801_C03_052E,,,,,yes,Percent allocated (data-quality metadata)
S0801_C03_053E,,,,,yes,Percent allocated (data-quality metadata)
S0801_C03_054E,,,,,yes,Percent allocated (data-quality metadata)
S0801_C03_055E,,,,,yes,Percent allocated (data-quality metadata)
S0801_C03_056E,,,,,yes,Percent allocated (data-quality metadata)
S0801_C03_057E,,,,,yes,Percent allocated (data-quality metadata)
