location_id,parish_id,site_name,address,city,lat,lng,phone,url,active,notes
2569,all-saints-milwaukee,All Saints,"4051 North 25th Street, Milwaukee, Wisconsin 53209",Milwaukee,43.090591979038,-87.944921853191,(414) 444-5610,https://www.archmil.org/places/all-saints-milwaukee,yes,
2571,annunciation-parish-fox-lake,Annunciation Parish,"305 Green Street, Fox Lake, Wisconsin 53933",Fox Lake,43.565305,-88.909846,920-928-3513,https://www.archmil.org/places/annunciation-fox-lake,yes,
2577,blessed-sacrament-milwaukee,Blessed Sacrament,"3100 South 41st Street, Milwaukee, Wisconsin 53215",Milwaukee,42.987705,-87.964825,414-649-4720,https://www.archmil.org/places/blessed-sacrament-milwaukee,yes,
2579,blessed-savior-milwaukee,Blessed Savior,"8545 West Villard Avenue, Milwaukee, Wisconsin 53225",Milwaukee,43.111765,-88.01936,414-464-5033,https://www.archmil.org/places/blessed-savior-milwaukee,yes,
2587,blessed-trinity-sheboygan-falls,Blessed Trinity,"319 Giddings Avenue, Sheboygan Falls, Wisconsin 53085",Sheboygan Falls,43.72389,-87.81585,920-467-4616,https://www.archmil.org/places/blessed-trinity-sheboygan-falls,yes,
2589,cathedral-of-st-john-the-evangelist-milwaukee,Cathedral of St. John the Evangelist,"812 North Jackson Street, Milwaukee, Wisconsin 53202",Milwaukee,43.041828,-87.903944,414-276-9814,https://www.archmil.org/places/cathedral-of-saint-john-the-evangelist-milwaukee,yes,
2591,christ-king-wauwatosa,Christ King Church,"2604 North Swan Boulevard, Wauwatosa, Wisconsin 53226",Wauwatosa,43.066360156961,-88.02681684494,414-258-2604,https://www.archmil.org/places/christ-king-wauwatosa-christ-king,yes,
4720,christ-king-wauwatosa,St. Bernard Church,"7474 Harwood Avenue, Wauwatosa, Wisconsin 53213",Wauwatosa,43.051076,-88.006648,414-258-2604,https://www.archmil.org/places/christ-king-wauwatosa-st-bernard,yes,
2595,congregation-of-the-great-spirit-milwaukee,Congregation of the Great Spirit,"1000 West Lapham Boulevard, Milwaukee, Wisconsin 53204",Milwaukee,43.014332,-87.92439,414-672-6989,https://www.archmil.org/places/congregation-of-the-great-spirit-milwaukee,yes,
2903,corpus-christi-waukesha,St. John Neumann Church,"2400 Les Paul Parkway, Waukesha, Wisconsin 53186",Waukesha,42.980037317238,-88.269438743591,262-922-9285,https://www.archmil.org/places/st-john-neumann-waukesha,yes,
2937,corpus-christi-waukesha,St. Joseph Church,"824 North East Avenue, Waukesha, Wisconsin 53186",Waukesha,43.011861,-88.226831,262-922-9285,https://www.archmil.org/places/st-joseph-waukesha,yes,
3011,corpus-christi-waukesha,St. Mary Church,"225 South Hartwell Avenue, Waukesha, Wisconsin 53186",Waukesha,42.999829,-88.220452,262-922-9285,https://www.archmil.org/places/st-mary-waukesha,yes,
3150,corpus-christi-waukesha,St. William Church,"440 North Moreland Boulevard, Waukesha, Wisconsin 53188",Waukesha,43.019069,-88.25186,262-922-9285,https://www.archmil.org/places/st-william-waukesha,yes,
2601,divine-mercy-south-milwaukee,Divine Mercy,"800 Marquette Avenue, South Milwaukee, Wisconsin 53172",South Milwaukee,42.908116,-87.857308,414-762-6810,https://www.archmil.org/places/divine-mercy-south-milwaukee,yes,
4739,divine-savior-belgium,Holy Cross Chapel,"5330 County Highway B, Belgium, Wisconsin 53004",Belgium,43.47166,-87.898578,262-692-9994,https://www.archmil.org/places/divine-savior-fredonia-holy-cross,yes,
2611,divine-savior-belgium,St. Rose Chapel,"311 Fredonia Avenue, Fredonia, Wisconsin 53021",Fredonia,43.469951,-87.94959,262-692-9994,https://www.archmil.org/places/divine-savior-fredonia-st-rose,yes,
2593,gesu-parish-milwaukee,Gesu Parish,"1145 West Wisconsin Avenue, Milwaukee, Wisconsin 53233",Milwaukee,43.038245,-87.92722,414-288-7101,https://www.archmil.org/places/gesu-parish-milwaukee,yes,
2613,good-shepherd-menomonee-falls,Good Shepherd,"n88w17658 Christman Road, Menomonee Falls, Wisconsin 53051",Menomonee Falls,43.178788,-88.128791,262-255-2035,https://www.archmil.org/places/good-shepherd-menomonee-falls,yes,
2615,holy-angels-west-bend,Holy Angels,"126 North 8th Avenue, West Bend, Wisconsin 53095",West Bend,43.42408,-88.18684,262-334-3038,https://www.archmil.org/places/holy-angels-west-bend,yes,
2617,holy-apostles-new-berlin,Holy Apostles,"16000 West National Avenue, New Berlin, Wisconsin 53151",New Berlin,42.973969,-88.113376,262-786-7330,https://www.archmil.org/places/holy-apostles-new-berlin,yes,
2623,holy-cross-bristol,Bristol worship site,"18700 116th Street, Bristol, Wisconsin 53104",Bristol,42.511234,-88.03331,262-857-2068,https://www.archmil.org/places/holy-cross-bristol-bristol,yes,
4765,holy-cross-bristol,Wilmot worship site,"30100 Wilmot Road, Trevor, Wisconsin 53179",Trevor,42.511858608862,-88.174726528886,262-857-2068,https://www.archmil.org/places/holy-cross-bristol-wilmot,yes,
2632,holy-family-reeseville,Holy Family,"304 Prairie Street, Reeseville, Wisconsin 53579",Reeseville,43.3068,-88.84396,920-927-3102,https://www.archmil.org/places/holy-family-reeseville,yes,
2636,holy-family-whitefish-bay,Holy Family,"4825 North Wildwood Avenue, Whitefish Bay, Wisconsin 53217",Whitefish Bay,43.104711,-87.896457,414-332-9220,https://www.archmil.org/places/holy-family-whitefish-bay,yes,
2630,holy-family-fond-du-lac,Holy Family Church,"271 Fourth Street Way, Fond du Lac, Wisconsin 54937",Fond du Lac,43.770760784448,-88.390610218048,920-921-0580,https://www.archmil.org/places/holy-family-fond-du-lac-holy-family,yes,
4799,holy-family-fond-du-lac,Our Risen Savior Church,"N6499 County Road Y, Eldorado, Wisconsin 54932",Eldorado,43.77632,-88.5734,920-921-0580,https://www.archmil.org/places/holy-family-fond-du-lac-our-risen-savior,yes,
2627,holy-family-fond-du-lac,Presentation of the BVM Church,"705 Michigan Avenue, North Fond du Lac, Wisconsin 54937",North Fond du Lac,43.808488,-88.482851,920-921-0580,https://www.archmil.org/places/holy-family-fond-du-lac-presentation-bvm,yes,
4791,holy-family-fond-du-lac,Sacred Heart Church,"200 South Peters Avenue, Fond du Lac, Wisconsin 54935",Fond du Lac,43.772986,-88.471938,920-921-0580,https://www.archmil.org/places/holy-family-fond-du-lac-sacred-heart,yes,
2634,holy-family-fond-du-lac,St. Mary Church,"59 East Merrill Avenue, Fond du Lac, Wisconsin 54935",Fond du Lac,43.781071,-88.444946,920-921-0580,https://www.archmil.org/places/holy-family-fond-du-lac-st-mary,yes,
4795,holy-family-fond-du-lac,St. Peter Church,"N8079 Church Road, Malone, Wisconsin 53049",Malone,43.833378,-88.341749,920-921-0580,https://www.archmil.org/places/holy-family-fond-du-lac-st-peter,yes,
28944,holy-hill-basilica-and-national-shrine-of-mary-help-of-christians-hubertus,Holy Hill Basilica and National Shrine of Mary Help of Christians,"1525, Carmel Road, Hubertus, 53033, Wisconsin",Hubertus,43.244228,-88.328692,,https://www.archmil.org/places/holy-hill-basilica-and-national-shrine-of-mary-help-of-christians,yes,
2638,holy-name-of-jesus-sheboygan,Holy Name of Jesus,"818 Huron Avenue, Sheboygan, Wisconsin 53081",Sheboygan,43.760015,-87.713855,920-458-7721,https://www.archmil.org/places/holy-name-of-jesus-sheboygan,yes,
2650,holy-trinity-kewaskum,Holy Trinity,"315 Main Street, Kewaskum, Wisconsin 53040",Kewaskum,43.520685,-88.225003,262-626-2860,https://www.archmil.org/places/holy-trinity-kewaskum,yes,
2652,holy-trinity-newburg,Holy Trinity,"521 Congress Drive, Newburg, Wisconsin 53090",Newburg,43.430843,-88.048267,262-675-6256,https://www.archmil.org/places/holy-trinity-newburg,yes,
2654,immaculate-conception-milwaukee,Immaculate Conception,"1023 East Russell Avenue, Milwaukee, Wisconsin 53207",Milwaukee,42.995996,-87.895394,414-769-2480,https://www.archmil.org/places/immaculate-conception-milwaukee,yes,
2658,immaculate-conception-sheboygan,Immaculate Conception,"1305 Humboldt Avenue, Sheboygan, Wisconsin 53081",Sheboygan,43.725475455217,-87.722718715668,920-457-1077,https://www.archmil.org/places/immaculate-conception-sheboygan,yes,
2664,immaculate-conception-st-mary-burlington,Immaculate Conception (St. Mary),"108 Mchenry Street, Burlington, Wisconsin 53105",Burlington,42.67536,-88.28126,262-763-1500,https://www.archmil.org/places/immaculate-conception-st-mary-burlington,yes,
2660,immaculate-conception-st-mary-west-bend,Immaculate Conception/St. Mary,"406 Jefferson Street, West Bend, Wisconsin 53090",West Bend,43.440859067746,-88.184212225804,262-338-5600,https://www.archmil.org/places/immaculate-conception-st-mary-west-bend,yes,
2668,lumen-christi-catholic-church-mequon,Lumen Christi Catholic Church,"2750, West Mequon Road, Mequon, 53092, Ozaukee County, Wisconsin",Mequon,43.222253003559,-87.944585680962,262-242-7967,https://www.archmil.org/places/lumen-christi-mequon,yes,
2680,mother-of-good-counsel-milwaukee,Mother of Good Counsel,"6924 West Lisbon Avenue, Milwaukee, Wisconsin 53210",Milwaukee,43.074704,-87.998983,414-442-7600,https://www.archmil.org/places/mother-of-good-counsel-milwaukee,yes,
2676,mother-of-perpetual-help-west-allis,East site,"2322 South 106th Street, West Allis, Wisconsin 53227",West Allis,43.00209,-88.04391,414-453-5192,https://www.archmil.org/places/mother-of-perpetual-help-west-allis-east,yes,
2666,mother-of-perpetual-help-west-allis,West site,"1212 South 117th Street, West Allis, Wisconsin 53214",West Allis,43.01875,-88.05774,414-453-5192,https://www.archmil.org/places/mother-of-perpetual-help-west-allis-west,yes,
2688,nativity-of-the-lord-cudahy,Nativity of the Lord,"3672 East Plankinton Avenue, Cudahy, Wisconsin 53110",Cudahy,42.960175,-87.857922,414-482-2920,https://www.archmil.org/places/nativity-of-the-lord-cudahy,yes,
2690,newman-center-at-uw-milwaukee-milwaukee,Newman Center at UW Milwaukee,"3001 North Downer Avenue, Milwaukee, Wisconsin 53211",Milwaukee,43.072946,-87.878346,,https://www.archmil.org/places/newman-center-at-uw-milwaukee-milwaukee,yes,
2692,old-st-mary-milwaukee,Old St. Mary,"844 North Broadway, Milwaukee, Wisconsin 53202",Milwaukee,43.042154,-87.907842,414-271-6180,https://www.archmil.org/places/old-st-mary-milwaukee,yes,
2696,our-lady-of-divine-providence-milwaukee,Our Lady of Divine Providence,"2600 North Bremen Street, Milwaukee, Wisconsin 53212",Milwaukee,43.0659,-87.900059,414-264-0049,https://www.archmil.org/places/our-lady-of-divine-providence-milwaukee,yes,
2702,our-lady-of-good-hope-milwaukee,Our Lady of Good Hope,"7152 North 41st Street, Milwaukee, Wisconsin 53209",Milwaukee,43.147773,-87.96196,414-352-1148,https://www.archmil.org/places/our-lady-of-good-hope-milwaukee,yes,
2704,our-lady-of-guadalupe-milwaukee,Our Lady of Guadalupe,"613 South 4th Street, Milwaukee, Wisconsin 53204",Milwaukee,43.024864,-87.915901,414-645-7624,https://www.archmil.org/places/our-lady-of-guadalupe-milwaukee,yes,
2706,our-lady-of-lourdes-milwaukee,Our Lady of Lourdes,"3722 South 58th Street, Milwaukee, Wisconsin 53220",Milwaukee,42.97672,-87.98619,414-545-4316,https://www.archmil.org/places/our-lady-of-lourdes-milwaukee,yes,
2708,our-lady-of-mount-carmel-kenosha,Our Lady of Mount Carmel,"5400 19th Avenue, Kenosha, Wisconsin 53140",Kenosha,42.58557,-87.832621,262-652-7660,https://www.archmil.org/places/our-lady-of-mt-carmel-kenosha,yes,
18059,our-lady-of-the-holy-rosary-kenosha,Our Lady of the Holy Rosary,"2224 45th Street, Kenosha, Wisconsin 53140",Kenosha,42.595399,-87.836706,262-652-2771,https://www.archmil.org/places/our-lady-of-the-holy-rosary-kenosha-2,yes,
2621,our-lady-of-the-holyland-mount-calvary,Holy Cross Church,"308 County Road W, Mount Calvary, Wisconsin 53057",Mount Calvary,43.824067,-88.252364,920-753-3311,https://www.archmil.org/places/our-lady-of-the-holyland-mt-calvary-holy-cross,yes,
2714,our-lady-of-the-holyland-mount-calvary,St. Cloud Church,"924 Main Street, Saint Cloud, Wisconsin 53079",Saint Cloud,43.820836,-88.166298,920-753-3311,https://www.archmil.org/places/our-lady-of-the-holyland-mt-calvary-st-cloud,yes,
5044,our-lady-of-the-holyland-mount-calvary,St. John the Baptist Church,"n9288 County Road W, Malone, Wisconsin 53049",Malone,43.87688,-88.29041,920-795-4316,https://www.archmil.org/places/our-lady-of-the-holyland-mt-calvary-st-john-the-baptist,yes,
5050,our-lady-of-the-holyland-mount-calvary,St. Joseph Church,"w620 County Road G, Saint Cloud, Wisconsin 53079",Saint Cloud,43.854691854938,-88.187491893768,920-753-3311,https://www.archmil.org/places/our-lady-of-the-holyland-mt-calvary-st-joseph,yes,
5054,our-lady-of-the-holyland-mount-calvary,St. Mary Church,"n10232 County Road G, New Holstein, Wisconsin 53061",New Holstein,43.911342,-88.203629,920-753-3311,https://www.archmil.org/places/our-lady-of-the-holyland-mt-calvary-st-mary,yes,
2718,our-lady-of-the-lakes-random-lake,St. Mary Chapel,"300 Butler Street, Random Lake, WI 53075",Random Lake,43.552112,-87.96099,920-994-4380,https://www.archmil.org/places/our-lady-of-the-lakes-random-lake-st-mary,yes,
2716,our-lady-of-the-lakes-random-lake,St. Nicholas Chapel,"w4274 County Highway K, Random Lake, Wisconsin 53075",Random Lake,43.544053,-87.909887,920-994-4380,https://www.archmil.org/places/our-lady-of-the-lakes-random-lake-st-nicholas,yes,
2720,our-lady-of-the-lakes-random-lake,St. Patrick Chapel,"County Road a, Waldo, Wisconsin 53093",Waldo,43.616551170385,-87.929366827011,920-994-4380,https://www.archmil.org/places/our-lady-of-the-lakes-random-lake-st-patrick,yes,
2722,our-lady-queen-of-peace-milwaukee,Our Lady Queen of Peace,"3222 South 29th Street, Milwaukee, Wisconsin 53215",Milwaukee,42.986382,-87.949733,414-672-0313,https://www.archmil.org/places/our-lady-queen-of-peace-milwaukee,yes,
2728,prince-of-peace-principe-de-paz-milwaukee,Prince of Peace/Principe de Paz,"1138 South 25th Street, Milwaukee, Wisconsin 53204",Milwaukee,43.019562,-87.94466,414-645-8786,https://www.archmil.org/places/prince-of-peace-principe-de-paz-milwaukee,yes,
2730,queen-of-apostles-pewaukee,Queen of Apostles,"N35W23360 Capitol Drive, Pewaukee, Wisconsin 53072",Pewaukee,43.084165,-88.212763,262-691-1535,https://www.archmil.org/places/queen-of-apostles-pewaukee,yes,
2732,resurrection-allenton,Resurrection,"209 Main Street, Allenton, Wisconsin 53002",Allenton,43.422403721041,-88.33838224411,262-629-5240,https://www.archmil.org/places/resurrection-allenton,yes,
2734,sacred-heart-horicon,Sacred Heart,"950 Washington Street, Horicon, Wisconsin 53032",Horicon,43.445787,-88.655101,920-485-0694,https://www.archmil.org/places/sacred-heart-horicon,yes,
2738,sacred-heart-croatian-milwaukee,Sacred Heart Croatian,"917 North 49th Street, Milwaukee, Wisconsin 53208",Milwaukee,43.04105,-87.97592,414-774-9418,https://www.archmil.org/places/sacred-heart-croatian-milwaukee,yes,
2740,sacred-heart-of-jesus-st-francis,Sacred Heart of Jesus,"3635 South Kinnickinnic Avenue, St. Francis, Wisconsin 53235",St. Francis,42.97851,-87.87863,414-489-2806,https://www.archmil.org/places/sacred-heart-of-jesus-st-francis,yes,
3120,saint-stephen-catholic-church-oak-creek,Saint Stephen Catholic Church,"1441 West Oakwood Road, Oak Creek, Wisconsin 53154",Oak Creek,42.857069,-87.93553,414-762-0552,https://www.archmil.org/places/st-stephen-oak-creek,yes,
14094,sons-of-zebedee-oakfield,St. James Church,"101 North Main Street, Oakfield, Wisconsin 53065",Oakfield,43.68381,-88.54721,,https://www.archmil.org/places/sons-of-zebedee-st-james-church-oakfield,yes,
2748,sons-of-zebedee-oakfield,St. John Church,"w5882 Church Road, Fond du Lac, Wisconsin 54937",Fond du Lac,43.67503,-88.45034,920-266-8273,https://www.archmil.org/places/sons-of-zebedee-byron-fond-du-lac,yes,
2750,ss-cyril-and-methodius-milwaukee,Ss. Cyril and Methodius,"1547 West Windlake Avenue, Milwaukee, Wisconsin 53215",Milwaukee,43.000785,-87.931875,414 383-3973,https://www.archmil.org/places/ss-cyril-and-methodius-milwaukee,yes,
2752,ss-cyril-and-methodius-sheboygan,Ss. Cyril and Methodius,"822 New Jersey Avenue, Sheboygan, Wisconsin 53081",Sheboygan,43.746785442305,-87.714076638222,920-457-1077,https://www.archmil.org/places/ss-cyril-and-methodius-sheboygan,yes,
2754,ss-peter-and-paul-milwaukee,Ss. Peter and Paul,"2490 North Cramer Street, Milwaukee, Wisconsin 53211",Milwaukee,43.063521,-87.886488,414-962-2443,https://www.archmil.org/places/ss-peter-and-paul-milwaukee,yes,
2756,st-adalbert-milwaukee,St. Adalbert,"1923 West Becher Street, Milwaukee, Wisconsin 53215",Milwaukee,43.0063,-87.93786,414-988-0228,https://www.archmil.org/places/st-adalbert-milwaukee,yes,
2758,st-agnes-butler,St. Agnes,"12801 West Fairmount Avenue, Butler, Wisconsin 53007",Butler,43.107467,-88.071523,262-781-9521,https://www.archmil.org/places/st-agnes-butler,yes,
2764,st-alphonsus-greendale,St. Alphonsus,"6060 West Loomis Road, Greendale, Wisconsin 53129",Greendale,42.940675,-87.989039,414-421-2442,https://www.archmil.org/places/st-alphonsus-greendale,yes,
2766,st-alphonsus-burlington,St. Alphonsus,"6301 344th Avenue, Burlington, Wisconsin 53105",Burlington,42.580504,-88.226775,262-537-4370,https://www.archmil.org/places/st-alphonsus-new-munster-burlington,yes,
2770,st-andrew-lomira,St. Andrew,"w3081 County Road Y, Lomira, Wisconsin 53048",Lomira,43.573113,-88.550094,920-583-4125 or 920-387-2920 x337,https://www.archmil.org/places/st-andrew-leroy-lomira,yes,
2768,st-andrew-delavan,St. Andrew Church,"714 Walworth Avenue, Delavan, Wisconsin 53115",Delavan,42.632826048665,-88.638741374016,262-728-5922,https://www.archmil.org/places/st-andrew-delavan-st-andrew,yes,
5812,st-andrew-delavan,St. Catherine Church,"125 Pearl Street, Sharon, Wisconsin 53585",Sharon,42.50264,-88.72403,262-728-5922,https://www.archmil.org/places/st-andrew-delavan-st-catherine,yes,
2772,st-anne-pleasant-prairie,St. Anne,"9091 Prairie Ridge Boulevard, Pleasant Prairie, Wisconsin 53158",Pleasant Prairie,42.56242,-87.916955,262-942-8300,https://www.archmil.org/places/st-anne-pleasant-prairie,yes,
2776,st-anthony-milwaukee,St. Anthony,"1711 South 9th Street, Milwaukee, Wisconsin 53204",Milwaukee,43.012046,-87.923218,414-645-1455,https://www.archmil.org/places/st-anthony-milwaukee,yes,
2778,st-anthony-of-padua-kenosha,St. Anthony of Padua,"2223 51st Street, Kenosha, Wisconsin 53140",Kenosha,42.589289,-87.83633,262-652-1844,https://www.archmil.org/places/st-anthony-kenosha,yes,
2780,st-anthony-on-the-lake-pewaukee,St. Anthony on the Lake,"W280N2101 Prospect Avenue, Pewaukee, Wisconsin 53072",Pewaukee,43.058386,-88.305467,262-691-1173,https://www.archmil.org/places/st-anthony-pewaukee,yes,
2774,st-anthony-the-hermit-menomonee-falls,St. Anthony the Hermit,"n74w13604 Appleton Avenue, Menomonee Falls, Wisconsin 53051",Menomonee Falls,43.152749,-88.079161,262-251-0220,https://www.archmil.org/places/st-anthony-menomonee-falls,yes,
2784,st-augustine-of-hippo-milwaukee,St. Augustine of Hippo,"2530 South Howell Avenue, Milwaukee, Wisconsin 53207",Milwaukee,42.998499,-87.904547,414-744-0808,https://www.archmil.org/places/st-augustine-milwaukee,yes,
2619,st-barnabas-west-allis,Holy Assumption Site,"7109 West Orchard Street, West Allis, Wisconsin 53214",West Allis,43.01452,-88.00195,414-774-3010,https://www.archmil.org/places/st-barnabas-west-allis-holy-assumption,yes,
2782,st-barnabas-west-allis,St. Augustine Site,"6768 West Rogers Street, West Allis, Wisconsin 53219",West Allis,43.008364,-87.997569,414-541-5207,https://www.archmil.org/places/st-barnabas-west-allis-st-augustine,yes,
2790,st-benedict-fontana,St. Benedict,"137 Dewey Avenue, Fontana, Wisconsin 53125",Fontana,42.5447,-88.58195,262-275-2480,https://www.archmil.org/places/st-benedict-fontana,yes,
2792,st-benedict-the-moor-milwaukee,St. Benedict the Moor,"924 West State Street, Milwaukee, Wisconsin 53233",Milwaukee,43.043358849759,-87.923803925514,414-271-0135,https://www.archmil.org/places/st-benedict-the-moor-milwaukee,yes,
2794,st-bernadette-milwaukee,St. Bernadette,"8200 West Denver Avenue, Milwaukee, Wisconsin 53223",Milwaukee,43.14452,-88.01349,414-358-4600,https://www.archmil.org/places/st-bernadette-milwaukee,yes,
2798,st-boniface-germantown,St. Boniface,"w204n11940 Goldendale Road, Germantown, Wisconsin 53022",Germantown,43.23445,-88.16162,262-628-2040,https://www.archmil.org/places/st-boniface-germantown,yes,
2802,st-bruno-dousman,St. Bruno,"226 West Ottawa Avenue, Dousman, Wisconsin 53118",Dousman,43.011021,-88.477712,262-965-2332,https://www.archmil.org/places/st-bruno-dousman,yes,
2808,st-catherine-of-alexandria-milwaukee,St. Catherine of Alexandria,"8661 North 76th Place, Milwaukee, Wisconsin 53223",Milwaukee,43.176015,-88.004807,414-365-2020,https://www.archmil.org/places/st-catherine-of-alexandria-milwaukee,yes,
2810,st-catherine-of-alexandria-oconomowoc,St. Catherine of Alexandria,"w359n8512 County Highway P, Oconomowoc, Wisconsin 53066",Oconomowoc,43.174864732715,-88.458411097527,920-474-7000,https://www.archmil.org/places/st-catherine-of-alexandria-mapleton-oconomowoc,yes,
2812,st-catherine-of-siena-ripon,St. Catherine of Siena,"228 East Blossom Street, Ripon, Wisconsin 54971",Ripon,43.844457,-88.836111,920-748-2325,https://www.archmil.org/places/st-catherine-of-siena-ripon,yes,
2806,st-catherine-parish-milwaukee,St. Catherine Parish,"5101 W. Center St., Milwaukee, 53210-2361, WI, USA",Milwaukee,43.068005,-87.979851,414-445-5115,https://www.archmil.org/places/st-catherine-milwaukee,yes,
2817,st-charles-hartland,St. Charles,"313 Circle Drive, Hartland, Wisconsin 53029",Hartland,43.108413,-88.33787,262-367-0800,https://www.archmil.org/places/st-charles-hartland,yes,
2819,st-charles-borromeo-burlington,St. Charles Borromeo,"441 Conkey Street, Burlington, Wisconsin 53105",Burlington,42.680474,-88.280415,262-763-2260,https://www.archmil.org/places/st-charles-borromeo-burlington,yes,
2821,st-charles-borromeo-milwaukee,St. Charles Borromeo,"3100, West Parnell Avenue, Milwaukee, 53221, Milwaukee County, Wisconsin",Milwaukee,42.94346,-87.95442,414-281-8115,https://www.archmil.org/places/st-charles-borromeo-milwaukee,yes,
2823,st-clare-wind-lake,St. Clare,"7616 Fritz Street, Wind Lake, Wisconsin 53185",Wind Lake,42.8251,-88.163167,262-895-2729,https://www.archmil.org/places/st-clare-wind-lake,yes,
2825,st-clement-sheboygan,St. Clement,"707 North 6th Street, Sheboygan, Wisconsin 53081",Sheboygan,43.75195,-87.70944,920-458-7721,https://www.archmil.org/places/st-clement-sheboygan,yes,
2831,st-columbkille-columbus,St. Columbkille,"w10802 County Road Tt, Columbus, Wisconsin 53925",Columbus,43.307204197079,-88.928645253181,920-927-3102,https://www.archmil.org/places/st-columbkille-elba-columbus,yes,
2833,st-dominic-brookfield,St. Dominic,"18255 Capitol Drive, Brookfield, Wisconsin 53045",Brookfield,43.089181,-88.138911,262-781-3480,https://www.archmil.org/places/st-dominic-brookfield,yes,
2835,st-dominic-sheboygan,St. Dominic,"2133 North 22nd Street, Sheboygan, Wisconsin 53081",Sheboygan,43.767775,-87.734535,920-458-7070,https://www.archmil.org/places/st-dominic-sheboygan,yes,
2839,st-elizabeth-kenosha,St. Elizabeth,"4801 8th Avenue, Kenosha, Wisconsin 53140",Kenosha,42.592647,-87.821682,262-657-1156,https://www.archmil.org/places/st-elizabeth-kenosha,yes,
2841,st-elizabeth-ann-seton-new-berlin,St. Elizabeth Ann Seton,"12700 West Howard Avenue, New Berlin, Wisconsin 53151",New Berlin,42.974643,-88.072514,262-782-6760,https://www.archmil.org/places/st-elizabeth-ann-seton-new-berlin,yes,
2845,st-eugene-fox-point,St. Eugene,"7600 North Port Washington Road, Fox Point, Wisconsin 53217",Fox Point,43.15544,-87.91049,414-918-1100,https://www.archmil.org/places/st-eugene-fox-point,yes,
2847,st-frances-cabrini-west-bend,St. Frances Cabrini,"1025 South 7th Avenue, West Bend, Wisconsin 53095",West Bend,43.407738,-88.185024,262-338-2366,https://www.archmil.org/places/st-frances-cabrini-west-bend,yes,
2849,st-francis-borgia-cedarburg,North Church,"1375 Covered Bridge Road, Cedarburg, Wisconsin 53012",Cedarburg,43.326215808726,-88.007011413574,262-377-1070,https://www.archmil.org/places/st-francis-borgia-cedarburg,yes,
14345,st-francis-borgia-cedarburg,South Church,"N44W6055 Hamilton Road Cedarburg, Wisconsin 53012",Cedarburg,43.292177327233,-87.985848784447,262-377-1070,https://www.archmil.org/places/st-francis-borgia-cedarburg-2,yes,
2855,st-francis-de-sales-lake-geneva,St. Francis de Sales,"148 West Main Street, Lake Geneva, Wisconsin 53147",Lake Geneva,42.591317019223,-88.424668908119,262-248-8524,https://www.archmil.org/places/st-francis-de-sales-lake-geneva,yes,
2857,st-francis-of-assisi-milwaukee,St. Francis of Assisi,"1937 North Vel R. Phillips Avenue, Milwaukee, Wisconsin 53212",Milwaukee,43.055868,-87.916409,414-374-5750,https://www.archmil.org/places/st-francis-of-assisi-milwaukee,yes,
2859,st-francis-xavier-kansasville,St. Francis Xavier,"1704 240th Avenue, Kansasville, Wisconsin 53139",Kansasville,42.628318708938,-88.100051879883,262-878-3476,https://www.archmil.org/places/st-francis-xavier-brighton-kansasville,yes,
2865,st-gabriel-richfield,St. Gabriel,"1200 Saint Gabriel Way, Richfield, Wisconsin 53033",Richfield,43.230804856667,-88.259116432956,262-628-1141,https://www.archmil.org/places/st-gabriel-hubertus,yes,
2873,st-gregory-the-great-milwaukee,St. Gregory the Great,"3160 South 63rd Street, Milwaukee, Wisconsin 53219",Milwaukee,42.987741,-87.989528,414-543-8292,https://www.archmil.org/places/st-gregory-the-great-milwaukee,yes,
2879,st-hyacinth-milwaukee,St. Hyacinth,"1414 West Becher Street, Milwaukee, Wisconsin 53215",Milwaukee,43.006663613877,-87.930750846863,414-645-1455,https://www.archmil.org/places/st-hyacinth-milwaukee,yes,
2883,st-james-franklin,St. James,"7219 South 27th Street, Franklin, Wisconsin 53132",Franklin,42.914258,-87.95094,414-761-0480,https://www.archmil.org/places/st-james-franklin,yes,
2885,st-james-kenosha,St. James,"5815 10th Avenue, Kenosha, Wisconsin 53140",Kenosha,42.582342,-87.822973,262-657-1156,https://www.archmil.org/places/st-james-kenosha,yes,
2887,st-james-menomonee-falls,St. James,"W220 N6588, Town Line Road, Menomonee Falls, 53051, Waukesha County, Wisconsin",Menomonee Falls,43.136432119251,-88.183173537254,262-251-3944,https://www.archmil.org/places/st-james-menomonee-falls,yes,
2889,st-james-mukwonago,St. James,"830 E Veterans Way, Mukwonago, Wisconsin 53149",Mukwonago,42.873672,-88.321115,262-363-7615,https://www.archmil.org/places/st-james-mukwonago,yes,
2891,st-jerome-oconomowoc,St. Jerome,"995 Silver Lake Street, Oconomowoc, Wisconsin 53066",Oconomowoc,43.097313,-88.493639,262-569-3020,https://www.archmil.org/places/st-jerome-oconomowoc,yes,
2893,st-joan-of-arc-nashotah,St. Joan of Arc,"120 Nashotah Road, Nashotah, Wisconsin 53058",Nashotah,43.093571534193,-88.414878845215,262-646-8078,https://www.archmil.org/places/st-joan-of-arc-delafield-nashotah,yes,
2895,st-john-rubicon,St. John,"1108 Rome Road, Rubicon, Wisconsin 53078",Rubicon,43.340122273217,-88.454124927521,262-673-4831,https://www.archmil.org/places/st-john-rubicon,yes,
2897,st-john-evangelist-kohler,St. John Evangelist,"601 Valley Road, Kohler, Wisconsin 53044",Kohler,43.735321,-87.789589,920-452-9623,https://www.archmil.org/places/st-john-evangelist-kohler,yes,
2905,st-john-paul-ii-milwaukee,St. Alexander Church,"1568 West Holt Avenue, Milwaukee, Wisconsin 53215",Milwaukee,42.983427905403,-87.933551073074,414-744-3695,https://www.archmil.org/places/st-john-paul-ii-parish-milwaukee-st-alexander,yes,
2899,st-john-paul-ii-milwaukee,St. Helen Church,"3329 South 10th Street, Milwaukee, Wisconsin 53215",Milwaukee,42.98399,-87.92572,414-744-3695,https://www.archmil.org/places/st-john-paul-ii-parish-milwaukee-st-helen,yes,
2907,st-john-the-baptist-clyman,St. John the Baptist,"714 Church Street, Clyman, Wisconsin 53016",Clyman,43.313781,-88.722653,920-927-3102,https://www.archmil.org/places/st-john-the-baptist-clyman,yes,
2911,st-john-the-baptist-plymouth,St. John the Baptist,"115 Plymouth Street, Plymouth, Wisconsin 53073",Plymouth,43.748168767064,-87.984872460365,920-892-4006,https://www.archmil.org/places/st-john-the-baptist-plymouth,yes,
2913,st-john-the-baptist-union-grove,St. John the Baptist,"1501 172nd Avenue, Union Grove, Wisconsin 53182",Union Grove,42.633579,-88.017201,262-878-3476,https://www.archmil.org/places/st-john-the-baptist-paris-union-grove,yes,
2915,st-john-the-evangelist-greenfield,St. John the Evangelist,"8500 West Cold Spring Road, Greenfield, Wisconsin 53228",Greenfield,42.967155,-88.019958,414-321-1965,https://www.archmil.org/places/st-john-the-evangelist-greenfield,yes,
2917,st-john-the-evangelist-twin-lakes,St. John the Evangelist,"701 North Lake Avenue, Twin Lakes, Wisconsin 53181",Twin Lakes,42.539200349861,-88.248120546341,262-877-2557,https://www.archmil.org/places/st-john-the-evangelist-twin-lakes,yes,
2919,st-john-vianney-brookfield,St. John Vianney,"1755 North Calhoun Road, Brookfield, Wisconsin 53005",Brookfield,43.054347,-88.127531,262-796-3940,https://www.archmil.org/places/st-john-vianney-brookfield,yes,
2656,st-john-xxiii-saukville,Immaculate Conception Church site,"140 West Church Street, Saukville, Wisconsin 53080",Saukville,43.380178,-87.94326,262-284-4266,https://www.archmil.org/places/st-john-xxiii-port-washington-immaculate-conception,yes,
5219,st-john-xxiii-saukville,St. Mary Church site,"451 Johnson Street, Port Washington, Wisconsin 53074",Port Washington,43.39214,-87.86971,262-284-4266,https://www.archmil.org/places/st-john-xxiii-port-washington-st-mary,yes,
2921,st-john-xxiii-saukville,St. Peter of Alcantara Church site,"1800 North Wisconsin Street, Port Washington, Wisconsin 53074",Port Washington,43.408902,-87.869085,262-284-4266,https://www.archmil.org/places/st-john-xxiii-port-washington-st-peter,yes,
2923,st-joseph-big-bend,St. Joseph,"s89w22650 Milwaukee Avenue, Big Bend, Wisconsin 53103",Big Bend,42.882984859617,-88.202812671661,262-662-2832,https://www.archmil.org/places/st-joseph-big-bend,yes,
2927,st-joseph-grafton,St. Joseph,"1619 Washington Street, Grafton, Wisconsin 53024",Grafton,43.319515,-87.946351,262-375-6500,https://www.archmil.org/places/st-joseph-grafton,yes,
2929,st-joseph-burlington,St. Joseph,"1540 Mill Street, Burlington, Wisconsin 53105",Burlington,42.649577177595,-88.357651233673,262-763-2050,https://www.archmil.org/places/st-joseph-lyons,yes,
2939,st-joseph-waupun,St. Joseph,"118 West Main Street, Waupun, Wisconsin 53963",Waupun,43.633506,-88.73774,920-324-5400,https://www.archmil.org/places/st-joseph-waupun,yes,
33710,st-joseph-wauwatosa,St. Joseph Catholic Church,"12130 West Center Street, Wauwatosa, Wisconsin 53222",Wauwatosa,43.068323452069,-88.064338099211,,https://www.archmil.org/places/st-joseph-catholic-church,yes,
2941,st-joseph-wauwatosa,St. Joseph Catholic School,"2750 North 122nd Street, Wauwatosa, Wisconsin 53222",Wauwatosa,43.068334,-88.06427,414-771-5577,https://www.archmil.org/places/st-joseph-wauwatosa,no,School listing at the same spot as St. Joseph Catholic Church; inactive to avoid a duplicate site.
2947,st-jude-the-apostle-wauwatosa,St. Jude the Apostle,"800 North Glenview Avenue, Wauwatosa, Wisconsin 53213",Wauwatosa,43.040156,-88.013422,414-258-8821,https://www.archmil.org/places/st-jude-the-apostle-wauwatosa,yes,
2949,st-katharine-drexel-beaver-dam,St. Katharine Drexel,"511 South Spring Street, Beaver Dam, Wisconsin 53916",Beaver Dam,43.451244,-88.836204,920-887-2082,https://www.archmil.org/places/st-katharine-drexel-beaver-dam,yes,
2953,st-kilian-hartford,St. Kilian,"428 Forest Street, Hartford, Wisconsin 53027",Hartford,43.322122330299,-88.381903767586,262-673-4831,https://www.archmil.org/places/st-kilian-hartford,yes,
2959,st-lawrence-hartford,St. Lawrence,"4886 Wisconsin Highway 175, Hartford, Wisconsin 53027",Hartford,43.369384276278,-88.332025408745,262-644-5701,https://www.archmil.org/places/st-lawrence-st-lawrence-hartford,yes,
2736,st-leo-the-great-racine,Sacred Heart Church,"2201 Northwestern Avenue, Racine, Wisconsin 53404",Racine,42.738558,-87.809845,262-634-5526,https://www.archmil.org/places/sacred-heart-racine,yes,
2837,st-leo-the-great-racine,St. Edward Church,"1401 Grove Avenue, Racine, Wisconsin 53405",Racine,42.71448,-87.817,262-636-8040,https://www.archmil.org/places/st-edward-racine,yes,
2901,st-leo-the-great-racine,St. John Nepomuk Church,"1903 Green Street, Racine, Wisconsin 53402",Racine,42.744995184797,-87.789607644081,262-634-5647,https://www.archmil.org/places/st-john-nepomuk-racine,yes,
2933,st-leo-the-great-racine,St. Joseph Church,"1533 Erie Street, Racine, Wisconsin 53402",Racine,42.740278,-87.786822,262-633-8284,https://www.archmil.org/places/st-joseph-racine,yes,
2971,st-leo-the-great-racine,St. Lucy Church,"3101 Drexel Avenue, Racine, Wisconsin 53403",Racine,42.69486,-87.812153,262-554-1801,https://www.archmil.org/places/st-lucy-racine,yes,
3062,st-leo-the-great-racine,St. Patrick Church,"1100 Erie Street, Racine, Wisconsin 53402",Racine,42.734475,-87.787517,262-632-8808,https://www.archmil.org/places/st-patrick-racine,yes,
3096,st-leo-the-great-racine,St. Richard Church,"1503 Grand Avenue, Racine, Wisconsin 53403",Racine,42.713892,-87.787627,262-637-8374,https://www.archmil.org/places/st-richard-racine,yes,
3116,st-leo-the-great-racine,St. Sebastian Church,"3126 95th Street, Sturtevant, Wisconsin 53177",Sturtevant,42.695987979521,-87.90152117308,262-886-4398,https://www.archmil.org/places/st-sebastian-sturtevant,yes,
2965,st-leonard-muskego,St. Leonard,"W173 S7743 Westwood Drive, Muskego, Wisconsin 53150",Muskego,42.903224876059,-88.131004571915,262-679-1773,https://www.archmil.org/places/st-leonard-muskego,yes,
2967,st-louis-caledonia,St. Louis,"13207 County Road G, Caledonia, Wisconsin 53108",Caledonia,42.807454,-87.946641,262-835-4533,https://www.archmil.org/places/st-louis-caledonia,yes,
2973,st-luke-brookfield,St. Luke,"18000 West Greenfield Avenue, Brookfield, Wisconsin 53045",Brookfield,43.018027,-88.138045,262-782-0032,https://www.archmil.org/places/st-luke-brookfield,yes,
2977,st-margaret-mary-milwaukee,St. Margaret Mary,"3970 North 92nd Street, Milwaukee, Wisconsin 53222",Milwaukee,43.089231,-88.027017,414-461-6073,https://www.archmil.org/places/st-margaret-mary-milwaukee,yes,
2979,st-mark-kenosha,St. Mark,"7117 14th Avenue, Kenosha, Wisconsin 53143",Kenosha,42.568426,-87.825933,262-771-7368,https://www.archmil.org/places/st-mark-kenosha,yes,
2983,st-martin-de-porres-milwaukee,St. Martin de Porres,"128 West Burleigh Street, Milwaukee, Wisconsin 53212",Milwaukee,43.075024432256,-87.912184596062,414-372-3090,https://www.archmil.org/places/st-martin-de-porres-milwaukee,yes,
2985,st-martin-of-tours-franklin,St. Martin of Tours,"7963 South 116th Street, Franklin, Wisconsin 53132",Franklin,42.90104814435,-88.059453964233,414-425-1114,https://www.archmil.org/places/st-martin-of-tours-franklin,yes,
3003,st-mary-mayville,St. Mary,"302 South German Street, Mayville, Wisconsin 53050",Mayville,43.49295,-88.54079,920-387-2920,https://www.archmil.org/places/st-mary-mayville,yes,
2999,st-mary-lomira,St. Mary,"653 Milwaukee Street, Lomira, Wisconsin 53048",Lomira,43.590618,-88.450558,920-269-4429,https://www.archmil.org/places/st-mary-lomira,yes,
2997,st-mary-kenosha,St. Mary,"7307 40th Avenue, Kenosha, Wisconsin 53142",Kenosha,42.568051513415,-87.8559923172,262-694-6018,https://www.archmil.org/places/st-mary-kenosha,yes,
3019,st-mary-menomonee-falls,"St. Mary - Menomonee Falls, WI","n89w16297, Cleveland Avenue, Menomonee Falls, WI 53051",Menomonee Falls,43.180658094872,-88.112180829048,262-251-0220,https://www.archmil.org/places/st-mary-menomonee-falls,yes,
3015,st-mary-by-the-lake-caledonia,St. Mary by the Lake,"7605 Lakeshore Drive, Caledonia, Wisconsin 53402",Caledonia,42.82072,-87.813642,262-639-3616,https://www.archmil.org/places/st-mary-by-the-lake-racine,yes,
3017,st-mary-magdalen-west-allis,St. Mary Magdalen,"1212 South 117th Street, West Allis, Wisconsin 53214",West Allis,43.01875,-88.05774,414-467-4172​,https://www.archmil.org/places/st-mary-magdalen-milwaukee,yes,
2995,st-mary-of-the-assumption-kansasville,St. Mary of the Assumption,"23209 Church Road, Kansasville, Wisconsin 53139",Kansasville,42.712801,-88.114799,262-878-3476,https://www.archmil.org/places/st-mary-of-the-assumption-kansasville,yes,
3021,st-mary-of-the-hill-hartford,St. Mary of the Hill,"1515 Carmel Road, Hartford, Wisconsin 53033",Hartford,43.244155,-88.332459,262-628-3606,https://www.archmil.org/places/st-mary-of-the-hill-hubertus,yes,
42704,st-mary-parish-hales-corners-hales-corners,St. Mary Parish (Hales Corners),"9520 West Forest Home Avenue, Hales Corners, Wisconsin 53130",Hales Corners,42.948414,-88.032744,414-425-2174,https://www.archmil.org/places/st-mary-parish-hales-corners,yes,
3027,st-mary-s-visitation-elm-grove,St. Mary's Visitation,"1260 Church Street, Elm Grove, Wisconsin 53122",Elm Grove,43.046118,-88.076671,262-782-4575,https://www.archmil.org/places/st-marys-visitation-elm-grove,yes,
3036,st-matthew-oak-creek,St. Matthew,"7981 South 6th Street, Oak Creek, Wisconsin 53154",Oak Creek,42.898985,-87.918404,414-762-6820,https://www.archmil.org/places/st-matthew-oak-creek,yes,
2951,st-matthew-campbellsport,St. Kilian Chapel,"n185 County Road W, Campbellsport, Wisconsin 53010",Campbellsport,43.546611198464,-88.361148834229,920-533-4441,https://www.archmil.org/places/st-matthew-campbellsport-st-kilian,yes,
2981,st-matthew-campbellsport,St. Martin Chapel,"n1271 Minnie Lane, Campbellsport, Wisconsin 53010",Campbellsport,43.585745,-88.37402,920-533-4441,https://www.archmil.org/places/st-matthew-campbellsport-st-martin,yes,
3029,st-matthew-campbellsport,St. Matthew Church,"406 East Main Street, Campbellsport, Wisconsin 53010",Campbellsport,43.598341510652,-88.276122808456,920-533-4441,https://www.archmil.org/places/st-matthew-parish-campbellsport-st-matthew,yes,
3040,st-matthias-milwaukee,St. Matthias,"9306 West Beloit Road, Milwaukee, Wisconsin 53227",Milwaukee,42.985712,-88.029983,414-321-0893,https://www.archmil.org/places/st-matthias-milwaukee,yes,
3046,st-michael-milwaukee,St. Michael,"1445 North 24th Street, Milwaukee, Wisconsin 53205",Milwaukee,43.04982,-87.9433,414-933-3143,https://www.archmil.org/places/st-michael-milwaukee,yes,
3050,st-michael-s-kewaskum,St. Michael's,"8883 Forest View Road, Kewaskum, Wisconsin 53040",Kewaskum,43.512416,-88.161802,262-334-5270,https://www.archmil.org/places/st-michael-st-michaels-kewaskum,yes,
5348,st-michael-s-ukrainian-catholic-church-milwaukee,St. Michael's Ukrainian Catholic Church,"1025 South 11th Street, Milwaukee, Wisconsin 53204",Milwaukee,43.02059,-87.92558,414-672-5616,https://www.archmil.org/places/st-michaels-ukrainian-catholic-church-milwaukee,yes,
3052,st-monica-whitefish-bay,St. Monica,"5681 North Santa Monica Boulevard, Whitefish Bay, Wisconsin 53217",Whitefish Bay,43.119882,-87.907268,414-332-1576,https://www.archmil.org/places/st-monica-whitefish-bay,yes,
3064,st-patrick-whitewater,St. Patrick,"1225 West Main Street, Whitewater, Wisconsin 53190",Whitewater,42.833846,-88.753487,262-473-3143,https://www.archmil.org/places/st-patrick-whitewater,yes,
3058,st-patrick-milwaukee,St. Patrick,"723 West Washington Street, Milwaukee, Wisconsin 53204",Milwaukee,43.019881,-87.920273,414-645-7624,https://www.archmil.org/places/st-patrick-milwaukee,yes,
3054,st-patrick-parish-elkhorn,St. Patrick Parish,"107 West Walworth Street, Elkhorn, Wisconsin 53121",Elkhorn,42.671507,-88.545648,262-723-5565,https://www.archmil.org/places/st-patrick-elkhorn,yes,
3072,st-paul-milwaukee,St. Paul,"1720 East Norwich Avenue, Milwaukee, Wisconsin 53207",Milwaukee,42.972233,-87.887735,414-482-2920,https://www.archmil.org/places/st-paul-milwaukee,yes,
3070,st-paul-waukesha,St. Paul,"s38w31602 County Highway D, Waukesha, Wisconsin 53189",Waukesha,42.97474,-88.378,262-968-3865,https://www.archmil.org/places/st-paul-genesee-depot-waukesha,yes,
3074,st-paul-the-apostle-mount-pleasant,St. Paul the Apostle,"6400 Spring Street, Mount Pleasant, Wisconsin 53406",Mount Pleasant,42.739308,-87.858665,262-886-0530,https://www.archmil.org/places/st-paul-the-apostle-mt-pleasant-racine,yes,
3078,st-peter-kenosha,St. Peter,"2224 Wood Road, Kenosha, Wisconsin 53144",Kenosha,42.617072927211,-87.846808433533,262-551-9004,https://www.archmil.org/places/st-peter-kenosha,yes,
3080,st-peter-slinger,St. Peter,"200 East Washington Street, Slinger, Wisconsin 53086",Slinger,43.333432,-88.283862,262-644-8083,https://www.archmil.org/places/st-peter-slinger,yes,
3076,st-peter-east-troy,St. Peter,"1981 Beulah Avenue, East Troy, Wisconsin 53120",East Troy,42.789459,-88.40991,262-642-7225,https://www.archmil.org/places/st-peter-east-troy,yes,
3082,st-peter-claver-sheboygan,St. Peter Claver,"1439 South 12th Street, Sheboygan, Wisconsin 53081",Sheboygan,43.738762,-87.718758,920-457-1077,https://www.archmil.org/places/st-peter-claver-sheboygan,yes,
3092,st-pius-x-parish-community-wauwatosa,St. Pius X Parish Community,"2506 North Wauwatosa Avenue, Wauwatosa, WI 53213",Wauwatosa,43.064726,-88.006919,(414) 453-3875,https://www.archmil.org/places/st-pius-x-wauwatosa,yes,
3094,st-rafael-the-archangel-milwaukee,St. Rafael the Archangel School,"2075 South 32nd Street, Milwaukee, Wisconsin 53215",Milwaukee,43.00688,-87.9545,414-643-6090,https://www.archmil.org/places/st-rafael-the-archangel-milwaukee,yes,
3098,st-rita-caledonia,St. Rita,"4339 Douglas Avenue, Caledonia, Wisconsin 53402",Caledonia,42.776473,-87.80459,262-639-3223,https://www.archmil.org/places/st-rita-racine,yes,
3104,st-robert-shorewood,St. Robert,"4019 North Farwell Avenue, Shorewood, Wisconsin 53211",Shorewood,43.089821,-87.881581,414-332-1164,https://www.archmil.org/places/st-robert-shorewood,yes,
3102,st-robert-bellarmine-union-grove,St. Robert Bellarmine,"3320 South Colony Avenue, Union Grove, Wisconsin 53182",Union Grove,42.694233270471,-88.052920103073,262-878-3476,https://www.archmil.org/places/st-robert-bellarmine-union-grove,yes,
3106,st-roman-milwaukee,St. Roman,"1710 West Bolivar Avenue, Milwaukee, Wisconsin 53221",Milwaukee,42.967392,-87.937177,414-282-9063,https://www.archmil.org/places/st-roman-milwaukee,yes,
3108,st-rose-of-lima-milwaukee,St. Rose of Lima,"3005 West Michigan Street, Milwaukee, Wisconsin 53208",Milwaukee,43.037196732029,-87.951781137486,414-342-1778,https://www.archmil.org/places/st-rose-milwaukee,yes,
3114,st-sebastian-milwaukee,St. Sebastian,"5400 West Washington Boulevard, Milwaukee, Wisconsin 53208",Milwaukee,43.053871,-87.981381,414-453-1061,https://www.archmil.org/places/st-sebastian-milwaukee,yes,
3118,st-stanislaus-milwaukee,St. Stanislaus,"524 West Historic Mitchell Street, Milwaukee, Wisconsin 53204",Milwaukee,43.012500445238,-87.917371988297,414-226-5490,https://www.archmil.org/places/st-stanislaus-milwaukee,yes,
2581,st-teresa-of-calcutta-hartland,Monches site,"W302N9583, O'neil Road, Hartland, 53029, Waukesha County, Wisconsin",Hartland,43.192654290447,-88.343870043755,262-966-2191,https://www.archmil.org/places/st-teresa-of-calcutta-north-lake-monches-site,yes,
2583,st-teresa-of-calcutta-hartland,North Lake site,"W314 N7462, Wisconsin Highway 83, Hartland, 53027, Waukesha County, Wisconsin",Hartland,43.154342612352,-88.370633125305,262-966-2191,https://www.archmil.org/places/st-teresa-of-calcutta-north-lake-north-lake-site,yes,
3130,st-theresa-theresa,St. Theresa,"102 Church Street, Theresa, Wisconsin 53091",Theresa,43.518252323957,-88.452950119972,920-387-2920 x337,https://www.archmil.org/places/st-theresa-theresa,yes,
3128,st-theresa-eagle,St. Theresa,"136 West Waukesha Road, Eagle, Wisconsin 53119",Eagle,42.879967,-88.475468,262-594-5200,https://www.archmil.org/places/st-theresa-eagle,yes,
3132,st-therese-milwaukee,St. Therese,"9525 West Bluemound Road, Milwaukee, Wisconsin 53226",Milwaukee,43.034591,-88.032014,414-771-2500,https://www.archmil.org/places/st-therese-milwaukee,yes,
3134,st-therese-of-lisieux-kenosha,St. Therese of Lisieux,"2020 91st Street, Kenosha, Wisconsin 53143",Kenosha,42.540891,-87.832521,262-694-4695,https://www.archmil.org/places/st-therese-of-lisieux-kenosha,yes,
3136,st-thomas-aquinas-elkhart-lake,St. Thomas Aquinas,"94 Lincoln Street, Elkhart Lake, Wisconsin 53020",Elkhart Lake,43.833753,-88.01384,920-876-2457,https://www.archmil.org/places/st-thomas-aquinas-elkhart-lake,yes,
3140,st-thomas-aquinas-waterford,St. Thomas Aquinas,"305 S 1st St, Waterford, Wisconsin 53185",Waterford,42.760232,-88.212193,262-534-2255,https://www.archmil.org/places/st-thomas-aquinas-waterford,yes,
3142,st-veronica-milwaukee,St. Veronica,"353 East Norwich Street, Milwaukee, Wisconsin 53207",Milwaukee,42.971508,-87.905565,414-482-2920,https://www.archmil.org/places/st-veronica-milwaukee,yes,
3144,st-vincent-de-paul-milwaukee,St. Vincent de Paul,"2100 West Mitchell Street, Milwaukee, Wisconsin 53204",Milwaukee,43.01316,-87.94022,414-645-8786,https://www.archmil.org/places/st-vincent-de-paul-milwaukee,yes,
3146,st-vincent-pallotti-milwaukee,St. Vincent Pallotti,"201 North 76th Street, Milwaukee, Wisconsin 53213",Milwaukee,43.03312,-88.00768,414-453-5344,https://www.archmil.org/places/st-vincent-pallotti-milwaukee,yes,
28955,the-basilica-of-st-josaphat-milwaukee,The Basilica of St. Josaphat,"2333, South 6th Street, Milwaukee, 53215, Milwaukee County, Wisconsin",Milwaukee,43.002412,-87.919419,,https://www.archmil.org/places/the-basilica-of-st-josaphat,yes,
3152,three-holy-women-milwaukee,Holy Rosary Church,"2011 North Oakland Avenue, Milwaukee, Wisconsin 53202",Milwaukee,43.057969,-87.889776,414-271-6577,https://www.archmil.org/places/three-holy-women-milwaukee-holy-rosary,yes,
3156,three-holy-women-milwaukee,St. Hedwig Church,"1702 North Humboldt Avenue, Milwaukee, Wisconsin 53202",Milwaukee,43.0532,-87.897782,414-271-6577,https://www.archmil.org/places/three-holy-women-milwaukee-st-hedwig,yes,
3158,three-holy-women-milwaukee,St. Rita Church,"1617 North Cass Street, Milwaukee, Wisconsin 53202",Milwaukee,43.050869,-87.902644,414-271-6577,https://www.archmil.org/places/three-holy-women-milwaukee-st-rita,yes,
3034,st-matthew-neosho,St. Matthew Church,"148 West Lehman Street, Neosho, Wisconsin 53059",Neosho,43.313008,-88.519603,262-673-4831,https://www.archmil.org/places/st-matthew-neosho,yes,
