parish_id,name,city,category,boundary,region,tags,notes
all-saints-milwaukee,All Saints,Milwaukee,Parish,yes,,,
annunciation-parish-fox-lake,Annunciation Parish,Fox Lake,Parish,yes,,,
blessed-sacrament-milwaukee,Blessed Sacrament,Milwaukee,Parish,yes,,,
blessed-savior-milwaukee,Blessed Savior,Milwaukee,Parish,yes,,,
blessed-trinity-sheboygan-falls,Blessed Trinity,Sheboygan Falls,Parish,yes,,,
cathedral-of-st-john-the-evangelist-milwaukee,Cathedral of St. John the Evangelist,Milwaukee,Parish,yes,,,
christ-king-wauwatosa,Christ King,Wauwatosa,Parish,yes,,,
congregation-of-the-great-spirit-milwaukee,Congregation of the Great Spirit,Milwaukee,Personal parish,no,,,Native American personal parish; excluded from territorial boundaries.
corpus-christi-waukesha,Corpus Christi,Waukesha,Parish,yes,,,
divine-mercy-south-milwaukee,Divine Mercy,South Milwaukee,Parish,yes,,,
divine-savior-belgium,Divine Savior,Belgium,Parish,yes,,,
gesu-parish-milwaukee,Gesu Parish,Milwaukee,Parish,yes,,,
good-shepherd-menomonee-falls,Good Shepherd,Menomonee Falls,Parish,yes,,,
holy-angels-west-bend,Holy Angels,West Bend,Parish,yes,,,
holy-apostles-new-berlin,Holy Apostles,New Berlin,Parish,yes,,,
holy-cross-bristol,Holy Cross,Bristol,Parish,yes,,,
holy-family-reeseville,Holy Family,Reeseville,Parish,yes,,,
holy-family-whitefish-bay,Holy Family,Whitefish Bay,Parish,yes,,,
holy-family-fond-du-lac,Holy Family,Fond du Lac,Parish,yes,,,
holy-hill-basilica-and-national-shrine-of-mary-help-of-christians-hubertus,Holy Hill Basilica and National Shrine of Mary Help of Christians,Hubertus,Shrine,no,,,"Basilica/shrine, not a territorial parish. St. Mary of the Hill parish is at the same site."
holy-name-of-jesus-sheboygan,Holy Name of Jesus,Sheboygan,Parish,yes,,,
holy-trinity-kewaskum,Holy Trinity,Kewaskum,Parish,yes,,,
holy-trinity-newburg,Holy Trinity,Newburg,Parish,yes,,,
immaculate-conception-milwaukee,Immaculate Conception,Milwaukee,Parish,yes,,,
immaculate-conception-sheboygan,Immaculate Conception,Sheboygan,Parish,yes,,,
immaculate-conception-st-mary-burlington,Immaculate Conception (St. Mary),Burlington,Parish,yes,,,
immaculate-conception-st-mary-west-bend,Immaculate Conception/St. Mary,West Bend,Parish,yes,,,
lumen-christi-catholic-church-mequon,Lumen Christi Catholic Church,Mequon,Parish,yes,,,
mother-of-good-counsel-milwaukee,Mother of Good Counsel,Milwaukee,Parish,yes,,,
mother-of-perpetual-help-west-allis,Mother of Perpetual Help,West Allis,Parish,yes,,,
nativity-of-the-lord-cudahy,Nativity of the Lord,Cudahy,Parish,yes,,,
newman-center-at-uw-milwaukee-milwaukee,Newman Center at UW Milwaukee,Milwaukee,Campus ministry,no,,,
old-st-mary-milwaukee,Old St. Mary,Milwaukee,Parish,yes,,,
our-lady-of-divine-providence-milwaukee,Our Lady of Divine Providence,Milwaukee,Parish,yes,,,
our-lady-of-good-hope-milwaukee,Our Lady of Good Hope,Milwaukee,Parish,yes,,,
our-lady-of-guadalupe-milwaukee,Our Lady of Guadalupe,Milwaukee,Parish,yes,,,
our-lady-of-lourdes-milwaukee,Our Lady of Lourdes,Milwaukee,Parish,yes,,,
our-lady-of-mount-carmel-kenosha,Our Lady of Mount Carmel,Kenosha,Parish,yes,,,
our-lady-of-the-holy-rosary-kenosha,Our Lady of the Holy Rosary,Kenosha,Parish,yes,,,
our-lady-of-the-holyland-mount-calvary,Our Lady of the Holyland,Mount Calvary,Parish,yes,,,
our-lady-of-the-lakes-random-lake,Our Lady of the Lakes,Random Lake,Parish,yes,,,
our-lady-queen-of-peace-milwaukee,Our Lady Queen of Peace,Milwaukee,Parish,yes,,,
prince-of-peace-principe-de-paz-milwaukee,Prince of Peace/Principe de Paz,Milwaukee,Parish,yes,,,
queen-of-apostles-pewaukee,Queen of Apostles,Pewaukee,Parish,yes,,,
resurrection-allenton,Resurrection,Allenton,Parish,yes,,,
sacred-heart-horicon,Sacred Heart,Horicon,Parish,yes,,,
sacred-heart-croatian-milwaukee,Sacred Heart Croatian,Milwaukee,Personal parish,no,,,Ethnic/personal parish; excluded from territorial boundaries.
sacred-heart-of-jesus-st-francis,Sacred Heart of Jesus,St. Francis,Parish,yes,,,
saint-stephen-catholic-church-oak-creek,Saint Stephen Catholic Church,Oak Creek,Parish,yes,,,
sons-of-zebedee-oakfield,Sons of Zebedee,Oakfield,Parish,yes,,,
ss-cyril-and-methodius-milwaukee,Ss. Cyril and Methodius,Milwaukee,Parish,yes,,,
ss-cyril-and-methodius-sheboygan,Ss. Cyril and Methodius,Sheboygan,Parish,yes,,,
ss-peter-and-paul-milwaukee,Ss. Peter and Paul,Milwaukee,Parish,yes,,,
st-adalbert-milwaukee,St. Adalbert,Milwaukee,Parish,yes,,,
st-agnes-butler,St. Agnes,Butler,Parish,yes,,,
st-alphonsus-greendale,St. Alphonsus,Greendale,Parish,yes,,,
st-alphonsus-burlington,St. Alphonsus,Burlington,Parish,yes,,,
st-andrew-lomira,St. Andrew,Lomira,Parish,yes,,,
st-andrew-delavan,St. Andrew,Delavan,Parish,yes,,,
st-anne-pleasant-prairie,St. Anne,Pleasant Prairie,Parish,yes,,,
st-anthony-milwaukee,St. Anthony,Milwaukee,Parish,yes,,,
st-anthony-of-padua-kenosha,St. Anthony of Padua,Kenosha,Parish,yes,,,
st-anthony-on-the-lake-pewaukee,St. Anthony on the Lake,Pewaukee,Parish,yes,,,
st-anthony-the-hermit-menomonee-falls,St. Anthony the Hermit,Menomonee Falls,Parish,yes,,,
st-augustine-of-hippo-milwaukee,St. Augustine of Hippo,Milwaukee,Parish,yes,,,
st-barnabas-west-allis,St. Barnabas,West Allis,Parish,yes,,,
st-benedict-fontana,St. Benedict,Fontana,Parish,yes,,,
st-benedict-the-moor-milwaukee,St. Benedict the Moor,Milwaukee,Parish,yes,,,
st-bernadette-milwaukee,St. Bernadette,Milwaukee,Parish,yes,,,
st-boniface-germantown,St. Boniface,Germantown,Parish,yes,,,
st-bruno-dousman,St. Bruno,Dousman,Parish,yes,,,
st-catherine-of-alexandria-milwaukee,St. Catherine of Alexandria,Milwaukee,Parish,yes,,,
st-catherine-of-alexandria-oconomowoc,St. Catherine of Alexandria,Oconomowoc,Parish,yes,,,
st-catherine-of-siena-ripon,St. Catherine of Siena,Ripon,Parish,yes,,,
st-catherine-parish-milwaukee,St. Catherine Parish,Milwaukee,Parish,yes,,,
st-charles-hartland,St. Charles,Hartland,Parish,yes,,,
st-charles-borromeo-burlington,St. Charles Borromeo,Burlington,Parish,yes,,,
st-charles-borromeo-milwaukee,St. Charles Borromeo,Milwaukee,Parish,yes,,,
st-clare-wind-lake,St. Clare,Wind Lake,Parish,yes,,,
st-clement-sheboygan,St. Clement,Sheboygan,Parish,yes,,,
st-columbkille-columbus,St. Columbkille,Columbus,Parish,yes,,,
st-dominic-brookfield,St. Dominic,Brookfield,Parish,yes,,,
st-dominic-sheboygan,St. Dominic,Sheboygan,Parish,yes,,,
st-elizabeth-kenosha,St. Elizabeth,Kenosha,Parish,yes,,,
st-elizabeth-ann-seton-new-berlin,St. Elizabeth Ann Seton,New Berlin,Parish,yes,,,
st-eugene-fox-point,St. Eugene,Fox Point,Parish,yes,,,
st-frances-cabrini-west-bend,St. Frances Cabrini,West Bend,Parish,yes,,,
st-francis-borgia-cedarburg,St. Francis Borgia,Cedarburg,Parish,yes,,,
st-francis-de-sales-lake-geneva,St. Francis de Sales,Lake Geneva,Parish,yes,,,
st-francis-of-assisi-milwaukee,St. Francis of Assisi,Milwaukee,Parish,yes,,,
st-francis-xavier-kansasville,St. Francis Xavier,Kansasville,Parish,yes,,,
st-gabriel-richfield,St. Gabriel,Richfield,Parish,yes,,,
st-gregory-the-great-milwaukee,St. Gregory the Great,Milwaukee,Parish,yes,,,
st-hyacinth-milwaukee,St. Hyacinth,Milwaukee,Parish,yes,,,
st-james-franklin,St. James,Franklin,Parish,yes,,,
st-james-kenosha,St. James,Kenosha,Parish,yes,,,
st-james-menomonee-falls,St. James,Menomonee Falls,Parish,yes,,,
st-james-mukwonago,St. James,Mukwonago,Parish,yes,,,
st-jerome-oconomowoc,St. Jerome,Oconomowoc,Parish,yes,,,
st-joan-of-arc-nashotah,St. Joan of Arc,Nashotah,Parish,yes,,,
st-john-rubicon,St. John,Rubicon,Parish,yes,,,
st-john-evangelist-kohler,St. John Evangelist,Kohler,Parish,yes,,,
st-john-paul-ii-milwaukee,St. John Paul II,Milwaukee,Parish,yes,,,
st-john-the-baptist-clyman,St. John the Baptist,Clyman,Parish,yes,,,
st-john-the-baptist-plymouth,St. John the Baptist,Plymouth,Parish,yes,,,
st-john-the-baptist-union-grove,St. John the Baptist,Union Grove,Parish,yes,,,
st-john-the-evangelist-greenfield,St. John the Evangelist,Greenfield,Parish,yes,,,
st-john-the-evangelist-twin-lakes,St. John the Evangelist,Twin Lakes,Parish,yes,,,
st-john-vianney-brookfield,St. John Vianney,Brookfield,Parish,yes,,,
st-john-xxiii-saukville,St. John XXIII,Saukville,Parish,yes,,,
st-joseph-big-bend,St. Joseph,Big Bend,Parish,yes,,,
st-joseph-grafton,St. Joseph,Grafton,Parish,yes,,,
st-joseph-burlington,St. Joseph,Burlington,Parish,yes,,,
st-joseph-waupun,St. Joseph,Waupun,Parish,yes,,,
st-joseph-wauwatosa,St. Joseph,Wauwatosa,Parish,yes,,,
st-jude-the-apostle-wauwatosa,St. Jude the Apostle,Wauwatosa,Parish,yes,,,
st-katharine-drexel-beaver-dam,St. Katharine Drexel,Beaver Dam,Parish,yes,,,
st-kilian-hartford,St. Kilian,Hartford,Parish,yes,,,
st-lawrence-hartford,St. Lawrence,Hartford,Parish,yes,,,
st-leo-the-great-racine,St. Leo the Great,Racine,Parish,yes,,,
st-leonard-muskego,St. Leonard,Muskego,Parish,yes,,,
st-louis-caledonia,St. Louis,Caledonia,Parish,yes,,,
st-luke-brookfield,St. Luke,Brookfield,Parish,yes,,,
st-margaret-mary-milwaukee,St. Margaret Mary,Milwaukee,Parish,yes,,,
st-mark-kenosha,St. Mark,Kenosha,Parish,yes,,,
st-martin-de-porres-milwaukee,St. Martin de Porres,Milwaukee,Parish,yes,,,
st-martin-of-tours-franklin,St. Martin of Tours,Franklin,Parish,yes,,,
st-mary-mayville,St. Mary,Mayville,Parish,yes,,,
st-mary-lomira,St. Mary,Lomira,Parish,yes,,,
st-mary-kenosha,St. Mary,Kenosha,Parish,yes,,,
st-mary-menomonee-falls,St. Mary,Menomonee Falls,Parish,yes,,,
st-mary-by-the-lake-caledonia,St. Mary by the Lake,Caledonia,Parish,yes,,,
st-mary-magdalen-west-allis,St. Mary Magdalen,West Allis,Parish,no,,,"Same address and coordinates as Mother of Perpetual Help - West site; probably a merged/duplicate listing. Verify, then set boundary=yes or mark inactive."
st-mary-of-the-assumption-kansasville,St. Mary of the Assumption,Kansasville,Parish,yes,,,
st-mary-of-the-hill-hartford,St. Mary of the Hill,Hartford,Parish,yes,,,
st-mary-parish-hales-corners-hales-corners,St. Mary Parish (Hales Corners),Hales Corners,Parish,yes,,,
st-mary-s-visitation-elm-grove,St. Mary's Visitation,Elm Grove,Parish,yes,,,
st-matthew-oak-creek,St. Matthew,Oak Creek,Parish,yes,,,
st-matthew-campbellsport,St. Matthew,Campbellsport,Parish,yes,,,
st-matthias-milwaukee,St. Matthias,Milwaukee,Parish,yes,,,
st-michael-milwaukee,St. Michael,Milwaukee,Parish,yes,,,
st-michael-s-kewaskum,St. Michael's,Kewaskum,Parish,yes,,,
st-michael-s-ukrainian-catholic-church-milwaukee,St. Michael's Ukrainian Catholic Church,Milwaukee,Eastern Catholic,no,,,Ukrainian Catholic (separate eparchy); excluded from territorial boundaries.
st-monica-whitefish-bay,St. Monica,Whitefish Bay,Parish,yes,,,
st-patrick-whitewater,St. Patrick,Whitewater,Parish,yes,,,
st-patrick-milwaukee,St. Patrick,Milwaukee,Parish,yes,,,
st-patrick-parish-elkhorn,St. Patrick Parish,Elkhorn,Parish,yes,,,
st-paul-milwaukee,St. Paul,Milwaukee,Parish,yes,,,
st-paul-waukesha,St. Paul,Waukesha,Parish,yes,,,
st-paul-the-apostle-mount-pleasant,St. Paul the Apostle,Mount Pleasant,Parish,yes,,,
st-peter-kenosha,St. Peter,Kenosha,Parish,yes,,,
st-peter-slinger,St. Peter,Slinger,Parish,yes,,,
st-peter-east-troy,St. Peter,East Troy,Parish,yes,,,
st-peter-claver-sheboygan,St. Peter Claver,Sheboygan,Parish,yes,,,
st-pius-x-parish-community-wauwatosa,St. Pius X Parish Community,Wauwatosa,Parish,yes,,,
st-rafael-the-archangel-milwaukee,St. Rafael the Archangel,Milwaukee,Parish,yes,,,Listed as 'St. Rafael the Archangel School'; coordinates may be the school rather than the church. Verify.
st-rita-caledonia,St. Rita,Caledonia,Parish,yes,,,
st-robert-shorewood,St. Robert,Shorewood,Parish,yes,,,
st-robert-bellarmine-union-grove,St. Robert Bellarmine,Union Grove,Parish,yes,,,
st-roman-milwaukee,St. Roman,Milwaukee,Parish,yes,,,
st-rose-of-lima-milwaukee,St. Rose of Lima,Milwaukee,Parish,yes,,,
st-sebastian-milwaukee,St. Sebastian,Milwaukee,Parish,yes,,,
st-stanislaus-milwaukee,St. Stanislaus,Milwaukee,Parish,yes,,,
st-teresa-of-calcutta-hartland,St. Teresa of Calcutta,Hartland,Parish,yes,,,
st-theresa-theresa,St. Theresa,Theresa,Parish,yes,,,
st-theresa-eagle,St. Theresa,Eagle,Parish,yes,,,
st-therese-milwaukee,St. Therese,Milwaukee,Parish,yes,,,
st-therese-of-lisieux-kenosha,St. Therese of Lisieux,Kenosha,Parish,yes,,,
st-thomas-aquinas-elkhart-lake,St. Thomas Aquinas,Elkhart Lake,Parish,yes,,,
st-thomas-aquinas-waterford,St. Thomas Aquinas,Waterford,Parish,yes,,,
st-veronica-milwaukee,St. Veronica,Milwaukee,Parish,yes,,,
st-vincent-de-paul-milwaukee,St. Vincent de Paul,Milwaukee,Parish,yes,,,
st-vincent-pallotti-milwaukee,St. Vincent Pallotti,Milwaukee,Parish,yes,,,
the-basilica-of-st-josaphat-milwaukee,The Basilica of St. Josaphat,Milwaukee,Parish,yes,,,
three-holy-women-milwaukee,Three Holy Women,Milwaukee,Parish,yes,,,
st-matthew-neosho,St. Matthew,Neosho,Parish,yes,,,Listed on archmil.org as 'Youth formation' (URL st-matthew-neosho). Verify name and location.
